SousMarque;Createur;Type
Filium;Filium;Optique
Filium 4U;Filium;Optique
Filium MIF;Filium;Optique
Filium OFG;Filium;Optique
Filium Sun;Filium;Solaire
Filium sun;Filium;Solaire
LUKKAS;Lukkas;Optique
Lukkas Audio;Lukkas;Optique
Lukkas Sun;Lukkas;Solaire
Lukkas Kids;Lukkas;Optique
LUKKAS KIDS;Lukkas;Optique
Lukkas Kids Sun;Lukkas;Solaire
Oscar Version;Oscar Version;Optique
OSCAR VERSION;Oscar Version;Optique
Oscar Version OFG;Oscar Version;Optique
Oscar version sun;Oscar Version;Solaire
LEVEL;Level;Optique
Level Change it!;Level;Optique
Level Clip;Level;Optique
Level Color;Level;Optique
Level HQ;Level;Optique
Level HQ Clip;Level;Optique
Level PP;Level;Optique
Level Santé;Level;Optique
Level Sport;Level;Optique
Level Sun;Level;Solaire
Level PP Sun;Level;Solaire
Level HQ Sun;Level;Solaire